{"Current recommender": "BPRMF", "Epoch": 9, "Completed": 1.0, "Available items": 194, "Average Awareness": 36.097404195523325, "Some other attribute": 0.8798723390073082, "Users Position": [[0.42884535839388904, 0.6491485883053596], [0.6693011394066967, 0.5450507783471971], [0.3967404329101818, 0.5098740578303488], [0.1576867395928815, 0.6792587235457004], [0.0916732248767701, 0.8341589155125514], [0.20883375638354584, 0.7090524126176353], [0.08290191518663392, 0.021924856922062586], [0.7413312146949882, 0.4040306233664689], [0.33101340000953383, 0.3235014925601075], [0.390593416546261, 0.7664309639448252], [0.6091021854719323, 0.7679869019357322], [0.44525599238853575, 0.38759074857146925], [0.5481055663181067, 0.8199200943497859], [0.36340816140560106, 0.2944516802036389], [0.7706591195152348, 0.7605805839931518], [0.5478524699526313, 0.8030204606464898], [0.9277917579326824, 0.7304837607197717], [0.5515629186892658, 0.39546045376320405], [0.9851697995301145, 0.22792922559266038], [0.9406378723662061, 0.500473614403043], [0.6121653805459268, 0.7680369574635406], [0.3827100557221139, 0.9394417984116626], [0.10866340865344504, 0.6613871397404244], [0.45198606637828054, 0.4959639592769236], [0.9252704507388364, 0.2827516686563938], [0.9831281736445222, 0.06999864684205603], [0.3000464263963709, 0.511767204331427], [0.6655129909408543, 0.7572959848779327], [0.3507886964475373, 0.5890210212233014], [0.8335378757554291, 0.1695288643940478], [0.1201178316585062, 0.4407835015085554], [0.6846744050051737, 0.45623855890009335], [0.7414086144888657, 0.02118616676459506], [0.0044152606653211635, 0.41425158344396373], [0.13040820916969076, 0.15705828374356523], [0.2333568835300892, 0.972892045244515], [0.3689173699888745, 0.5008196066412014], [0.6794824609949548, 0.12482749410090144], [0.9264999104832753, 0.6028903314679659], [0.1560948810764079, 0.44492540369036127], [0.8615881546527169, 0.5829047909040233], [0.515987122129594, 0.7665509831218521], [0.28837137719819106, 0.08169291454874816], [0.35538813880189934, 0.6475422695526311], [0.1329888983086025, 0.07820513557022235], [0.7500560029530525, 0.8875548823615201], [0.5731305339777816, 0.4238820489042694], [0.43836394831150105, 0.3029968710876164], [0.8800739719662984, 0.060436297217709156], [0.0048884329576801555, 0.8900427490052059]], "Items Position": [[0.8639362086961982, 0.9149154787937507], [0.2404460113382174, 0.41340356830528946], [0.8711943487700897, 0.5654819639016532], [0.01494376816039622, 0.4181016273561755], [0.5881698147316047, 0.9452537799922817], [0.48966748745376654, 0.13284700183738174], [0.8414447000316803, 0.7364017068968565], [0.34660412122011397, 0.10051321892315634], [0.012642554180984367, 0.25159270852048143], [0.6528090867967825, 0.9489932235334212], [0.48394561400896774, 0.5448155167666144], [0.35734658589289403, 0.39567153159227963], [0.671017737586317, 0.6552963536569902], [0.15886636633973694, 0.8109199373760562], [0.2510117445400595, 0.17137420710782247], [0.37146110256372467, 0.2101553568923108], [0.1999871768673821, 0.752466975068818], [0.6407085280763568, 0.24944892155316678], [0.9764888262070922, 0.024044931147773396], [0.20957550162360172, 0.9478478980615246], [0.03722585549853885, 0.5863209798841987], [0.15224305703473362, 0.8463079292279995], [0.23365350048875988, 0.14692988790263006], [0.28694912775339365, 0.24789565683514492], [0.6220244868983185, 0.5864735999291418], [0.9846733963339609, 0.5924489883899405], [0.7889008864016043, 0.5648800182898511], [0.13267218045493123, 0.877608628104107], [0.9844294528397628, 0.08284510139254497], [0.6441708082657804, 0.17975956240109547], [0.10879419546349522, 0.7694702187004216], [0.23588579119319164, 0.5822777687079735], [0.7363801711492873, 0.3437128908526008], [0.3335884528513553, 0.6485935198473503], [0.6242665651250534, 0.4228782926892407], [0.15579843305850527, 0.6985871336544088], [0.11311026261323265, 0.24777819509065102], [0.6439996008068223, 0.526513304219979], [0.3049287332599413, 0.777728527406362], [0.3412651590564424, 0.9133028796034551], [0.3360295650197185, 0.7885305368097888], [0.8922003055827623, 0.859798603250003], [0.47344715631873024, 0.7362623494480531], [0.20889299450603316, 0.9430857860503491], [0.7581645865946182, 0.4765610142905057], [0.7194497943402322, 0.9444180499993613], [0.40133848967568675, 0.8389747474457093], [0.792575607986544, 0.8611993178328393], [0.7337298954413536, 0.7972715408882828], [0.8957285820251492, 0.45517344801601]]}