{"Current recommender": "Control", "Epoch": 9, "Completed": 1.0, "Available items": 228, "Average Awareness": 4.4955236774496266, "Some other attribute": 0.0023502382702870195, "Users Position": [[0.3920702329607506, 0.638807217548124], [0.1939487905416034, 0.055172983712174495], [0.2408374145472939, 0.43794568124360556], [0.3153818156777197, 0.4734327313162625], [0.0542565925019729, 0.1783087688017514], [0.5355718861518419, 0.002503941932608722], [0.30270065751936615, 0.2414949193330438], [0.2385993262783812, 0.9477372353503549], [0.8616641432901825, 0.7416186756113735], [0.269854588871152, 0.6225380979344428], [0.10620606230699081, 0.6845385156360897], [0.7226013466934161, 0.6603229192413486], [0.32805753067794574, 0.6784815453206522], [0.3476178961286318, 0.48885284982878774], [0.5754902110754245, 0.6298818083840071], [0.44104782014554256, 0.5667712010925053], [0.6658081598755009, 0.419277607209655], [0.37238017198174844, 0.5767537273542263], [0.9320712119343693, 0.33707842475188743], [0.7306736564920195, 0.5867745131646338], [0.5019305931716552, 0.20752314861964782], [0.04094088045715627, 0.5665123350958858], [0.012143781209721038, 0.08958814871946308], [0.840202949748088, 0.01924064624616939], [0.48661421125023696, 0.4553099542221327], [0.8089761407111266, 0.9633650397245893], [0.7657917679548066, 0.3546261712988922], [0.09539751859162182, 0.7394414089253798], [0.5414097899562685, 0.9658118794698277], [0.6113906236881252, 0.6036232381528155], [0.5424195748667582, 0.14358063317245828], [0.43083186462480827, 0.7059913799891713], [0.8734295230560359, 0.8799598679881541], [0.2798116553341857, 0.3128308839863262], [0.776218428922407, 0.21037844579712284], [0.16163852862888428, 0.8600408122874879], [0.7293973248474546, 0.8906898087372865], [0.6112923438337609, 0.843129396537945], [0.6851363776662427, 0.21541197996543338], [0.9111188040667622, 0.482122263914906], [0.9438754427522547, 0.5466314089904345], [0.9552616446230505, 0.26710114300721544], [0.6901875463565554, 0.6551316648726746], [0.24377961335251985, 0.6817837067749827], [0.5056641560669923, 0.12120788903683355], [0.06558367932108022, 0.11694632267243055], [0.3718442224675813, 0.01091818763500696], [0.6708628244191919, 0.18111696237321084], [0.7820170828334576, 0.5619495267779365], [0.8671410158373277, 0.7732287109335314]], "Items Position": [[0.3503003896813539, 0.26224674005437487], [0.1170666344345106, 0.4045312013066741], [0.10337186066371806, 0.9351271213908663], [0.2795386428301372, 0.7732872416119171], [0.36755929189102676, 0.8651482673713468], [0.8244360548995662, 0.46606347408003446], [0.9978314496253277, 0.6791359216623667], [0.2577681149575076, 0.053326529968908076], [0.6528025395830628, 0.5697483783069427], [0.0399496111707528, 0.9432631177665481], [0.10157980930688637, 0.055849376392300365], [0.717454084777975, 0.8985458867665228], [0.7404943215576827, 0.10919769876988916], [0.9726667348398917, 0.957652686196141], [0.7277992204260196, 0.005025986983133612], [0.46560443658554806, 0.7850765762670041], [0.9228669447965325, 0.6342770853395887], [0.7549448496975132, 0.9705720137809329], [0.7998246165126456, 0.02517499406869661], [0.1715970289790839, 0.7162612454090331], [0.12700140263345627, 0.436287003204888], [0.37123851997088453, 0.209882620548969], [0.08701570951123072, 0.8298548955277625], [0.8473318469220665, 0.30080717088618425], [0.8928847838588342, 0.5086420106592614], [0.06983240248088352, 0.2318176690440309], [0.9039653661459548, 0.09402065374046031], [0.9382373755332303, 0.5413632531190649], [0.08933987302330415, 0.39933610046316625], [0.676100424920246, 0.45465855145725786], [0.7874867739794387, 0.11173239886032116], [0.12775260487747875, 0.9374719077220999], [0.4331550103001608, 0.68919953983792], [0.9708138465381645, 0.6122709417934785], [0.6631852380001789, 0.07823153175321218], [0.9497991695116433, 0.2119271659038915], [0.3010690862266303, 0.8266189375298585], [0.09988377967278006, 0.10614346448396772], [0.7551358857277046, 0.3922524741430614], [0.2819444577536626, 0.7608977988262838], [0.38907126809990766, 0.601033374946376], [0.9041652487005273, 0.16899291473535194], [0.744992533036806, 0.7186353425902765], [0.5896948718022639, 0.031833420737053864], [0.12079142584590485, 0.17958016561202894], [0.11173621055951832, 0.7462561974641224], [0.06213167038242384, 0.8634749870600414], [0.5097737519293942, 0.8475805422773529], [0.34901305299890983, 0.622984656710403], [0.7402553201857338, 0.7994184705790706]]}