{"Current recommender": "max", "Epoch": 9, "Completed": 1.0, "Available items": 480, "Average Awareness": 1.7996260697322786, "Some other attribute": 0.5196431623921908, "Users Position": [[0.27284137242904816, 0.8269029598127277], [0.2673422583701537, 0.07524864733801251], [0.3718705197669464, 0.4121441959783011], [0.8424669445268841, 0.13114891962381958], [0.9559139337276864, 0.437716578891889], [0.14477307457310307, 0.4221122541654344], [0.057107407537004384, 0.7033629909772073], [0.5842068248347536, 0.8197713689667392], [0.2420485766230207, 0.9814332287597815], [0.8368789832377912, 0.46458695370891445], [0.7201525058328204, 0.03493837175321712], [0.6671117861265856, 0.013027322737831137], [0.37308174361283053, 0.7545173489923946], [0.45713322657631816, 0.8288053647604315], [0.9369957847347534, 0.3598175040621815], [0.19419538683403637, 0.9756149728392048], [0.8113964305325946, 0.059692368742522706], [0.9863967453621236, 0.14862342573557574], [0.9781834123598011, 0.38343946985630173], [0.02283341896481539, 0.9254469847871089], [0.2259592487677362, 0.8353323296535586], [0.11837303486969708, 0.502399152963262], [0.7894379326933869, 0.3081010603871053], [0.23352697800093858, 0.2224546706258197], [0.9553333646490183, 0.6213440342366019], [0.3735337894780325, 0.40843254394365225], [0.16562412675228155, 0.4622778779759409], [0.5626208315771212, 0.7584932993290776], [0.06943566086938902, 0.5294671577795758], [0.46858218140745844, 0.49464329158646003], [0.6273231618283525, 0.2539707589404525], [0.6139809904057181, 0.516439646705819], [0.7985633956177575, 0.740746191174218], [0.5640742505507478, 0.921241636750011], [0.6550948312085502, 0.3267359662653644], [0.13016473519384464, 0.5204405076945194], [0.15252483819897944, 0.25793554547209807], [0.8216994896554559, 0.894336102902628], [0.9885144819057309, 0.7262836692440111], [0.40327790677087727, 0.4421133266385393], [0.32591539650897416, 0.5724503405683297], [0.6859626573273204, 0.9069515359488759], [0.9989913370870326, 0.4757671950412157], [0.5762898139404097, 0.43719076111482236], [0.9341238831153401, 0.9990114457493514], [0.4149925068116178, 0.2946617578598403], [0.9883884961398718, 0.27281506044949055], [0.7850011342324158, 0.020207027960902346], [0.11692921629121766, 0.7221287085983205], [0.031436916487911026, 0.2610169333593749]], "Items Position": [[0.7618718545415756, 0.4580450208232597], [0.2690724371576604, 0.6546868484558346], [0.44951679754602236, 0.002323359982913775], [0.6525469053368407, 0.9656368787692363], [0.025628032198266593, 0.038359449194857786], [0.5282937098762036, 0.3230334860627204], [0.6436468156995816, 0.9219015817528498], [0.796939665049538, 0.8289593775769507], [0.30128983181657154, 0.23618263346507395], [0.012928743601025583, 0.772048395595166], [0.7428812266015432, 0.20354500237954132], [0.32642374728765045, 0.3738315210503965], [0.4163711837969135, 0.7477645969480927], [0.20345965857683768, 0.7842151716531591], [0.20676168936318362, 0.13467376137384446], [0.8317897176913963, 0.35952754844994184], [0.38799117774160996, 0.7311747271075445], [0.22963094092469372, 0.8765606853420526], [0.2262071692115949, 0.26424765740189404], [0.48069648531734566, 0.07395687106640314], [0.31955389743672646, 0.9648820378039078], [0.8670957104193926, 0.08158386303697351], [0.6163489376847553, 0.5788962614974233], [0.969953693766904, 0.7584309740796839], [0.8197033448559659, 0.5979468104082309], [0.0005949705278606165, 0.10852751714988673], [0.5393837243958527, 0.07084706275030406], [0.37336837506094533, 0.7035509470764415], [0.6124527699030307, 0.17868183537823257], [0.08204848958496702, 0.3251697866117076], [0.012104876056619474, 0.7506908237357751], [0.5636427388522959, 0.8162220460404191], [0.1810014335502711, 0.9113046327247168], [0.02508995679861148, 0.3101728257278127], [0.5033033911352482, 0.22501408345799367], [0.24419443970929644, 0.5362276929851835], [0.4488299557664047, 0.44363425548229984], [0.8521854381978717, 0.24409544611807532], [0.9898741429543915, 0.41424362836860695], [0.35863249537246156, 0.21859254096327452], [0.20010655930538512, 0.19559216580734462], [0.022851289159217858, 0.41034251245957865], [0.5855985623438869, 0.565904514767103], [0.7558042060037812, 0.18289354333218732], [0.7771097685228079, 0.15830168116441645], [0.6177587896421165, 0.9591417022385552], [0.43560670542413804, 0.2604363309432792], [0.6436884077710355, 0.9394164709712514], [0.40257263104148744, 0.7273517576457199], [0.8557344371459725, 0.5489817960278387]]}